Product_ID,Product_Name,Category,Supplier,Cost_Price,Selling_Price,Launch_Date
1,Quality,Grocery,EastAfrica Traders,98.23,160.95,2025-02-15
2,Thousand,Beauty,Prime Goods,284.83,353.06,2023-10-17
3,Two,Furniture,Global Supply Ltd,433.45,1042.71,2023-07-08
4,Run,Furniture,MegaWholesale,174.79,324.61,2025-01-16
5,Seek,Beauty,MegaWholesale,238.52,339.87,2022-06-08
6,Risk,Furniture,Global Supply Ltd,416.69,$120,2024-05-01
7,Any,Clothing,EastAfrica Traders,95.06,167.98,2023-09-08
8,Ability,Beauty,EastAfrica Traders,458.98,847.96,2023-10-03
9,Million,Furniture,Prime Goods,282.32,615.97,2024-08-14
10,News,Clothing,MegaWholesale,218.5,343.53,2024-08-18
11,Success,Electronics,EastAfrica Traders,314.6,572.93,2023-09-27
12,Follow,Beauty,Global Supply Ltd,133.7,308.26,2022-05-08
13,Discover,Grocery,MegaWholesale,442.63,553.6,2025-12-16
14,Wait,Clothing,EastAfrica Traders,446.94,622.56,2023-03-15
15,Break,Electronics,Global Supply Ltd,99.15,213.0,2023-02-10
16,Leader,Clothing,Global Supply Ltd,311.4,522.89,2022-10-02
17,Trade,Furniture,MegaWholesale,399.28,971.7,2022-02-26
18,Fund,Grocery,EastAfrica Traders,376.19,705.48,2023-12-18
19,Time,Electronics,Prime Goods,173.67,325.89,2021-10-20
20,Raise,Beauty,EastAfrica Traders,484.54,1126.69,2021-10-28
21,Test,Grocery,MegaWholesale,172.06,288.54,2025-03-11
22,Song,Electronics,Prime Goods,58.62,132.22,2024-12-25
23,Whose,Clothing,EastAfrica Traders,18.32,37.19,2025-12-04
24,Same,Furniture,EastAfrica Traders,55.98,84.35,2023-11-03
25,Along,Clothing,EastAfrica Traders,489.53,1117.61,2025-08-30
26,Others,Furniture,Prime Goods,103.18,250.27,2025-01-10
27,Nice,Beauty,Global Supply Ltd,434.74,860.43,2022-11-01
28,So,Electronics,Prime Goods,86.33,130.61,2023-01-16
29,Police,Beauty,MegaWholesale,50.65,86.62,2022-01-25
30,Maintain,Furniture,EastAfrica Traders,80.52,152.9,2025-02-25
31,Hair,Clothing,Global Supply Ltd,338.42,783.28,2023-11-27
32,Exactly,Beauty,EastAfrica Traders,61.43,103.89,2021-09-13
33,Charge,Grocery,MegaWholesale,158.36,344.33,2024-04-03
34,Although,Beauty,MegaWholesale,361.26,631.74,2025-11-22
35,Finally,Furniture,Prime Goods,389.78,684.73,2026-01-01
36,Tend,Clothing,EastAfrica Traders,311.61,718.0,2024-12-04
37,Result,Clothing,MegaWholesale,370.9,502.94,2024-03-05
38,Actually,Electronics,MegaWholesale,262.67,578.6,2026-02-11
39,Level,Clothing,MegaWholesale,310.34,495.49,2021-05-27
40,Later,Clothing,MegaWholesale,66.12,135.53,2025-11-06
41,Clearly,Beauty,EastAfrica Traders,360.65,778.96,2024-05-15
42,Option,Furniture,MegaWholesale,358.53,607.49,2025-09-23
43,Arrive,Furniture,Prime Goods,360.51,761.18,2022-10-11
44,Modern,Beauty,MegaWholesale,9.85,17.66,2024-02-21
45,Central,Beauty,EastAfrica Traders,448.93,565.53,2025-10-18
46,Money,Beauty,EastAfrica Traders,346.69,499.67,2021-05-24
47,Deep,Beauty,Prime Goods,73.13,140.82,2024-08-16
48,Drop,Electronics,Prime Goods,221.48,490.67,2022-08-28
49,Kind,Beauty,EastAfrica Traders,385.83,475.94,2024-07-06
50,Once,Furniture,MegaWholesale,162.8,316.71,2025-10-01
51,Computer,Beauty,EastAfrica Traders,474.75,970.97,2023-10-18
52,Keep,Electronics,EastAfrica Traders,167.24,365.3,2024-05-07
53,Ball,Furniture,Prime Goods,378.73,754.72,2025-08-31
54,Production,Furniture,EastAfrica Traders,326.86,800.19,2022-06-03
55,Anything,Beauty,Prime Goods,92.71,126.95,2023-10-30
56,Democratic,Furniture,EastAfrica Traders,330.5,814.03,2025-11-06
57,With,Beauty,Global Supply Ltd,77.35,118.56,2024-03-13
58,Common,Beauty,Prime Goods,421.58,959.31,2023-06-06
59,Huge,Grocery,Global Supply Ltd,396.66,501.53,2025-05-01
60,During,Grocery,MegaWholesale,16.27,25.76,2023-11-23
61,Accept,Electronics,MegaWholesale,120.11,205.63,2021-10-06
62,Such,Furniture,Prime Goods,365.73,743.87,2022-03-05
63,Enjoy,Grocery,Prime Goods,488.57,758.46,2023-04-19
64,Network,Clothing,MegaWholesale,424.97,846.48,2022-05-29
65,Thank,Furniture,Prime Goods,449.04,813.57,2022-06-12
66,Always,Furniture,MegaWholesale,42.51,91.42,2023-05-10
67,Start,Furniture,EastAfrica Traders,403.39,839.05,2025-06-06
68,Piece,Clothing,Global Supply Ltd,8.64,18.51,2025-04-05
69,Offer,Clothing,EastAfrica Traders,145.61,221.42,2024-12-22
70,Move,Electronics,Global Supply Ltd,304.46,490.49,2024-05-11
71,Way,Beauty,Prime Goods,23.59,47.4,2023-02-09
72,Car,Clothing,MegaWholesale,401.47,793.12,2022-05-02
73,But,Clothing,Global Supply Ltd,350.08,683.08,2021-08-06
74,Indicate,Beauty,Prime Goods,99.68,172.04,2023-01-19
75,Act,Clothing,MegaWholesale,369.41,826.88,2023-03-26
76,Focus,Electronics,MegaWholesale,253.33,529.38,2023-04-30
77,Cover,Electronics,Global Supply Ltd,6.91,10.56,2024-08-08
78,Manager,Grocery,Prime Goods,479.91,710.19,2022-11-17
79,Nation,Clothing,Prime Goods,497.75,600.03,2022-06-06
80,Threat,Grocery,Global Supply Ltd,110.79,194.2,2022-08-19
81,Today,Furniture,EastAfrica Traders,482.85,719.15,2021-10-07
82,Major,Furniture,MegaWholesale,263.42,435.37,2022-03-02
83,Beat,Beauty,Prime Goods,101.7,194.35,2025-10-16
84,Billion,Furniture,MegaWholesale,86.96,137.04,2022-02-22
85,Clearly,Electronics,Prime Goods,478.03,601.28,2021-11-29
86,Talk,Grocery,EastAfrica Traders,234.2,485.65,2023-12-26
87,Scientist,Electronics,Prime Goods,88.75,156.24,2024-11-25
88,Series,Furniture,Prime Goods,403.04,663.2,2022-05-24
89,Plant,Grocery,Global Supply Ltd,10.74,14.71,2023-06-28
90,Responsibility,Furniture,MegaWholesale,306.7,661.13,2024-01-21
91,Price,Grocery,MegaWholesale,356.12,516.7,2023-03-01
92,Thank,Furniture,Prime Goods,208.04,431.49,2025-08-07
93,Body,Clothing,Prime Goods,113.56,170.69,2024-06-17
94,Tax,Electronics,MegaWholesale,274.65,649.63,2023-03-19
95,Structure,Electronics,Prime Goods,90.73,147.58,2022-01-20
96,Song,Electronics,Prime Goods,234.25,575.4,2023-10-26
97,Production,Electronics,EastAfrica Traders,279.88,458.3,2025-07-01
98,Draw,Electronics,EastAfrica Traders,128.57,155.29,2024-05-28
99,Close,Clothing,Global Supply Ltd,445.68,704.35,2024-04-23
100,Catch,Furniture,Global Supply Ltd,78.08,172.45,2022-10-20
101,Hot,Beauty,Global Supply Ltd,149.83,355.09,2023-07-08
102,Yes,Electronics,EastAfrica Traders,150.3,272.29,2026-03-04
103,Need,Grocery,Global Supply Ltd,7.53,11.3,2022-06-12
104,Claim,Grocery,EastAfrica Traders,312.45,716.06,2023-05-28
105,Three,Grocery,Prime Goods,190.96,379.63,2025-10-31
106,Technology,Electronics,Prime Goods,147.01,287.09,2022-10-14
107,Arm,Furniture,EastAfrica Traders,435.95,802.92,2023-08-03
108,Western,Grocery,MegaWholesale,133.47,188.32,2022-01-01
109,Prepare,Beauty,MegaWholesale,55.34,68.24,2025-04-01
110,Poor,Electronics,Global Supply Ltd,240.65,317.88,2021-04-08
111,Movie,Electronics,Prime Goods,352.76,501.27,2026-01-29
112,Two,Furniture,EastAfrica Traders,122.04,203.0,2021-11-01
113,Truth,Furniture,MegaWholesale,171.51,283.22,2025-09-18
114,Off,Furniture,Global Supply Ltd,180.47,253.56,2025-09-18
115,Carry,Grocery,Global Supply Ltd,265.27,351.64,2025-12-10
116,Actually,Clothing,MegaWholesale,135.97,238.63,2022-07-08
117,Most,Clothing,MegaWholesale,259.4,415.05,2024-12-29
118,Computer,Electronics,Prime Goods,60.02,111.86,2026-01-01
119,Name,Furniture,MegaWholesale,478.11,922.06,2024-04-29
120,Phone,Grocery,EastAfrica Traders,335.12,820.64,2022-06-27
121,Explain,Electronics,Global Supply Ltd,135.85,301.47,2021-03-24
122,Art,Furniture,Prime Goods,298.0,399.54,2021-04-08
123,Right,Furniture,Global Supply Ltd,339.05,765.48,2024-05-17
124,My,Grocery,MegaWholesale,84.37,153.72,2023-06-30
125,Manager,Electronics,EastAfrica Traders,386.54,517.54,2022-04-28
126,Trial,Furniture,Prime Goods,159.9,292.57,2025-08-24
127,Mrs,Electronics,MegaWholesale,132.37,209.34,2023-11-03
128,Whatever,Grocery,MegaWholesale,329.76,474.7,2023-11-21
129,Treatment,Grocery,Global Supply Ltd,492.59,1194.57,2023-01-05
130,Upon,Furniture,Global Supply Ltd,49.21,68.91,2022-03-20
131,Buy,Furniture,Prime Goods,37.24,54.07,2025-10-30
132,Enter,Grocery,Global Supply Ltd,15.7,33.44,2022-11-07
133,Often,Clothing,EastAfrica Traders,20.31,32.7,2022-04-28
134,Message,Furniture,Prime Goods,269.4,334.26,2024-01-19
135,Foreign,Electronics,MegaWholesale,12.69,23.85,2024-03-10
136,Door,Grocery,Global Supply Ltd,224.36,558.16,2023-12-14
137,Recognize,Grocery,EastAfrica Traders,432.13,569.32,2025-09-19
138,Current,Grocery,MegaWholesale,52.79,71.37,2023-07-13
139,Near,Clothing,EastAfrica Traders,491.0,992.4,2021-08-12
140,Second,Beauty,MegaWholesale,349.45,593.06,2024-09-26
141,Green,Beauty,EastAfrica Traders,16.93,29.06,2022-04-23
142,Education,Electronics,Global Supply Ltd,68.2,92.68,2021-12-25
143,Ready,Electronics,Prime Goods,295.35,502.3,2024-09-06
144,Scientist,Beauty,EastAfrica Traders,217.25,336.06,2022-08-31
145,Her,Grocery,EastAfrica Traders,383.28,785.12,2021-07-09
146,Eat,Clothing,Prime Goods,269.38,464.83,2022-08-29
147,History,Furniture,EastAfrica Traders,66.74,102.89,2024-11-30
148,School,Clothing,MegaWholesale,365.69,869.23,2024-04-18
149,Arrive,Electronics,Global Supply Ltd,469.53,952.19,2021-03-29
150,Agent,Furniture,Global Supply Ltd,330.64,654.77,2024-11-26
151,Room,Furniture,Prime Goods,176.62,235.3,2022-02-23
152,Ball,Grocery,MegaWholesale,237.29,573.65,2024-11-26
153,Often,Electronics,Prime Goods,64.24,116.52,2023-08-12
154,Institution,Clothing,Global Supply Ltd,74.66,117.39,2023-12-28
155,By,Clothing,Global Supply Ltd,257.93,570.4,2021-04-28
156,Understand,Clothing,Global Supply Ltd,397.8,877.1,2025-09-11
157,Share,Beauty,Global Supply Ltd,219.27,488.93,2023-10-11
158,Important,Electronics,Global Supply Ltd,228.69,474.82,2021-09-15
159,Seem,Clothing,Global Supply Ltd,283.99,458.14,2023-10-31
160,Involve,Grocery,MegaWholesale,178.54,243.16,2024-07-05
161,Race,Electronics,Global Supply Ltd,432.5,663.11,2021-05-10
162,Increase,Beauty,MegaWholesale,459.33,941.27,2024-01-15
163,Usually,Furniture,EastAfrica Traders,389.82,895.14,2023-02-09
164,Short,Grocery,MegaWholesale,60.97,87.35,2022-12-07
165,Design,Electronics,Prime Goods,85.76,174.84,2023-05-19
166,Kid,Grocery,Global Supply Ltd,315.58,416.04,2021-05-12
167,Run,Grocery,Prime Goods,140.86,294.48,2023-06-09
168,Where,Beauty,Prime Goods,39.2,59.75,2022-12-28
169,Also,Clothing,Prime Goods,216.56,485.13,2022-08-30
170,Dinner,Grocery,EastAfrica Traders,497.57,1230.3,2025-04-16
171,Pm,Clothing,Global Supply Ltd,90.15,153.33,2025-02-20
172,Try,Clothing,EastAfrica Traders,20.13,26.3,2021-11-19
173,Set,Grocery,Global Supply Ltd,227.04,275.08,2025-05-22
174,Institution,Clothing,Prime Goods,164.27,247.11,2024-07-15
175,Fly,Clothing,Global Supply Ltd,173.22,307.09,2023-05-01
176,Us,Beauty,EastAfrica Traders,213.62,433.63,2022-04-23
177,Really,Grocery,Prime Goods,104.07,245.46,2023-09-20
178,Alone,Clothing,EastAfrica Traders,142.65,235.27,2021-12-04
179,Democrat,Furniture,MegaWholesale,332.97,754.86,2025-06-04
180,Laugh,Beauty,Global Supply Ltd,420.01,680.83,2023-07-28
181,Set,Clothing,Prime Goods,395.13,982.35,2025-12-24
182,Although,Grocery,Prime Goods,193.19,305.91,2026-01-19
183,Indicate,Grocery,EastAfrica Traders,492.5,699.13,2023-06-11
184,Fire,Grocery,Prime Goods,34.8,86.89,2021-12-24
185,Coach,Clothing,MegaWholesale,61.82,103.94,2023-05-03
186,Magazine,Beauty,MegaWholesale,267.43,630.84,2021-06-04
187,Three,Furniture,Prime Goods,39.3,93.3,2022-01-02
188,Little,Electronics,Global Supply Ltd,319.52,638.7,2025-02-21
189,Star,Furniture,Prime Goods,107.07,260.09,2021-04-01
190,Decision,Electronics,Global Supply Ltd,443.79,737.13,2024-01-03
191,Institution,Clothing,EastAfrica Traders,218.02,368.8,2025-03-15
192,Site,Clothing,Global Supply Ltd,414.09,962.69,2023-07-01
193,Support,Beauty,Prime Goods,494.38,652.74,2021-05-28
194,Occur,Clothing,MegaWholesale,459.57,1062.16,2023-04-09
195,Today,Electronics,MegaWholesale,490.74,967.88,2023-06-27
196,Camera,Electronics,EastAfrica Traders,191.86,350.08,2024-09-08
197,Analysis,Grocery,Global Supply Ltd,376.97,840.83,2022-11-09
198,Father,Beauty,Prime Goods,84.69,176.66,2024-06-16
199,Others,Beauty,Prime Goods,201.92,385.24,2022-07-03
200,Tax,Furniture,EastAfrica Traders,166.85,371.06,2023-06-08
201,These,Beauty,MegaWholesale,6.28,10.85,2021-12-02
202,Physical,Furniture,MegaWholesale,60.93,118.09,2022-06-08
203,Series,Beauty,EastAfrica Traders,197.23,345.04,2023-04-23
204,Really,Furniture,EastAfrica Traders,365.39,788.43,2022-10-02
205,Lay,Beauty,MegaWholesale,355.73,458.6,2025-04-03
206,Hope,Clothing,MegaWholesale,251.78,392.95,2024-01-12
207,Attack,Grocery,Prime Goods,400.34,586.67,2025-08-10
208,Ball,Electronics,Global Supply Ltd,324.3,502.54,2023-09-03
209,Who,Beauty,EastAfrica Traders,128.36,211.61,2023-06-17
210,Effect,Furniture,MegaWholesale,17.28,39.03,2025-08-21
211,Type,Electronics,EastAfrica Traders,408.42,993.38,2023-03-29
212,Home,Beauty,Prime Goods,458.23,1139.29,2022-01-25
213,Study,Furniture,MegaWholesale,47.56,100.39,2023-04-19
214,Claim,Beauty,MegaWholesale,267.12,634.39,2024-03-26
215,Focus,Beauty,EastAfrica Traders,241.05,447.48,2025-01-15
216,Mention,Grocery,EastAfrica Traders,188.29,370.36,2025-09-16
217,City,Clothing,EastAfrica Traders,49.13,83.38,2022-01-02
218,Follow,Grocery,EastAfrica Traders,302.07,553.17,2025-03-02
219,Follow,Electronics,EastAfrica Traders,259.17,383.62,2023-03-02
220,Ago,Grocery,Prime Goods,287.7,664.15,2023-09-29
221,Pm,Electronics,MegaWholesale,142.39,343.2,2023-07-07
222,Majority,Clothing,Global Supply Ltd,47.99,112.27,2024-08-04
223,Whatever,Electronics,EastAfrica Traders,401.41,871.88,2025-11-25
224,Soldier,Clothing,MegaWholesale,343.17,429.32,2023-03-10
225,Financial,Beauty,MegaWholesale,61.9,122.01,2025-09-09
226,Popular,Furniture,MegaWholesale,250.94,558.24,2022-07-01
227,Near,Furniture,Prime Goods,39.17,84.12,2023-11-17
228,Film,Grocery,Global Supply Ltd,52.26,79.83,2023-03-24
229,Just,Clothing,EastAfrica Traders,354.22,567.44,2022-07-05
230,Opportunity,Furniture,Prime Goods,33.57,63.3,2022-07-11
231,Finish,Grocery,Global Supply Ltd,416.46,730.75,2023-06-19
232,Again,Grocery,MegaWholesale,103.53,170.65,2024-06-06
233,Mouth,Electronics,MegaWholesale,240.6,580.31,2025-04-15
234,Story,Grocery,Prime Goods,134.85,256.03,2025-03-31
235,Similar,Grocery,Global Supply Ltd,496.92,975.02,2025-04-03
236,Anyone,Furniture,Global Supply Ltd,301.83,502.94,2025-10-06
237,Analysis,Beauty,EastAfrica Traders,265.96,605.34,2021-10-09
238,General,Electronics,Prime Goods,80.56,134.82,2023-08-24
239,Message,Electronics,Global Supply Ltd,209.16,407.77,2024-08-12
240,Girl,Grocery,Prime Goods,496.86,909.06,2024-08-09
241,Message,Clothing,MegaWholesale,166.47,295.77,2022-03-11
242,Court,Clothing,Prime Goods,377.44,476.22,2025-01-04
243,Media,Electronics,Global Supply Ltd,259.73,337.93,2021-08-24
244,Door,Electronics,MegaWholesale,328.18,433.53,2025-11-20
245,Above,Furniture,MegaWholesale,331.24,493.03,2024-01-26
246,Democrat,Clothing,MegaWholesale,339.77,698.66,2024-01-06
247,Skill,Furniture,MegaWholesale,286.3,643.54,2023-12-31
248,Peace,Electronics,EastAfrica Traders,350.64,541.46,2021-09-27
249,Finally,Electronics,MegaWholesale,170.18,394.83,2023-02-27
250,Resource,Clothing,EastAfrica Traders,411.48,925.36,2024-06-14
251,Campaign,Furniture,EastAfrica Traders,109.83,203.33,2021-04-07
252,Here,Electronics,MegaWholesale,91.11,159.29,2025-05-19
253,Big,Grocery,MegaWholesale,335.6,551.84,2023-09-22
254,Mean,Beauty,Global Supply Ltd,87.59,200.17,2023-10-17
255,Condition,Grocery,MegaWholesale,498.59,621.14,2025-03-07
256,Natural,Grocery,EastAfrica Traders,259.64,440.14,2025-12-16
257,Argue,Furniture,MegaWholesale,71.73,133.42,2021-05-16
258,Later,Clothing,MegaWholesale,59.54,129.25,2024-01-11
259,Use,Clothing,EastAfrica Traders,348.41,847.84,2024-03-13
260,Sort,Beauty,EastAfrica Traders,219.71,473.21,2022-11-07
261,Relationship,Clothing,Prime Goods,164.69,364.85,2024-07-17
262,Understand,Grocery,MegaWholesale,466.95,644.69,2026-01-12
263,House,Clothing,Prime Goods,380.74,940.33,2021-05-12
264,Approach,Electronics,Prime Goods,405.24,771.78,2023-10-31
265,Four,Grocery,EastAfrica Traders,75.44,183.71,2025-09-12
266,Sort,Electronics,MegaWholesale,454.64,980.73,2023-03-10
267,Prove,Grocery,MegaWholesale,319.27,514.21,2022-07-16
268,Sport,Furniture,Global Supply Ltd,495.99,966.49,2024-06-20
269,Measure,Furniture,Prime Goods,212.17,431.46,2022-01-29
270,Exactly,Furniture,Prime Goods,92.2,152.74,2022-06-29
271,Field,Beauty,EastAfrica Traders,225.2,399.22,2024-06-06
272,Behind,Clothing,Global Supply Ltd,386.72,481.48,2023-03-23
273,Network,Beauty,MegaWholesale,253.04,322.99,2023-11-09
274,Citizen,Grocery,EastAfrica Traders,464.21,1022.72,2023-10-02
275,Truth,Beauty,EastAfrica Traders,351.09,860.36,2025-05-09
276,House,Furniture,Prime Goods,261.72,529.91,2023-08-19
277,Table,Beauty,MegaWholesale,67.7,161.54,2023-03-18
278,Certain,Beauty,MegaWholesale,286.62,404.32,2024-04-19
279,Concern,Furniture,Global Supply Ltd,58.05,80.21,2021-04-04
280,Home,Beauty,EastAfrica Traders,410.69,809.21,2022-09-17
281,Indicate,Furniture,Global Supply Ltd,36.58,50.31,2021-03-31
282,Blood,Clothing,EastAfrica Traders,260.77,405.68,2021-04-23
283,Energy,Furniture,EastAfrica Traders,88.82,191.55,2021-09-26
284,Security,Furniture,Prime Goods,329.26,671.56,2024-12-17
285,Green,Electronics,EastAfrica Traders,473.57,580.56,2026-03-10
286,Main,Electronics,MegaWholesale,190.89,311.27,2023-02-08
287,Son,Grocery,Global Supply Ltd,197.72,269.34,2023-04-16
288,Per,Grocery,Prime Goods,421.55,688.53,2025-09-18
289,Author,Grocery,MegaWholesale,231.06,359.48,2025-01-21
290,Usually,Grocery,Prime Goods,431.05,768.16,2021-11-29
291,Professor,Grocery,Prime Goods,413.35,567.6,2025-03-12
292,Heavy,Grocery,MegaWholesale,371.92,752.65,2021-12-17
293,Back,Grocery,Prime Goods,350.43,798.51,2025-07-22
294,Because,Clothing,MegaWholesale,171.18,270.04,2021-03-24
295,Skill,Electronics,EastAfrica Traders,163.18,222.37,2023-11-29
296,Attorney,Furniture,EastAfrica Traders,157.2,290.23,2022-10-01
297,Smile,Beauty,Prime Goods,240.53,333.58,2023-06-19
298,Total,Electronics,Global Supply Ltd,82.08,143.65,2023-01-18
299,Water,Electronics,EastAfrica Traders,124.09,223.15,2021-04-03
300,Surface,Grocery,MegaWholesale,19.9,48.35,2025-12-19
301,To,Beauty,EastAfrica Traders,10.45,24.8,2024-04-26
302,Former,Electronics,Prime Goods,204.35,274.52,2026-01-20
303,Call,Beauty,Global Supply Ltd,237.82,501.1,2024-07-18
304,Will,Electronics,EastAfrica Traders,217.03,515.26,2024-02-07
305,Conference,Beauty,Prime Goods,317.29,490.71,2022-12-05
306,Outside,Beauty,MegaWholesale,376.69,712.28,2021-12-24
307,Television,Furniture,EastAfrica Traders,445.85,1068.37,2022-07-27
308,Grow,Electronics,MegaWholesale,239.64,302.86,2024-09-22
309,Federal,Clothing,Global Supply Ltd,330.97,680.07,2026-01-14
310,Method,Furniture,MegaWholesale,224.84,449.36,2025-06-17
311,Cost,Beauty,Prime Goods,194.45,258.72,2023-10-04
312,Every,Furniture,Prime Goods,345.69,853.03,2024-08-18
313,Challenge,Electronics,MegaWholesale,191.38,470.75,2022-12-09
314,Sound,Clothing,Prime Goods,23.88,41.26,2025-09-29
315,South,Furniture,MegaWholesale,465.98,812.82,2022-07-19
316,Pm,Furniture,EastAfrica Traders,280.06,413.16,2022-03-31
317,Deep,Beauty,Prime Goods,177.29,291.91,2024-06-24
318,Success,Beauty,MegaWholesale,186.94,452.37,2024-11-25
319,Wonder,Electronics,Prime Goods,16.51,25.01,2025-08-22
320,Week,Grocery,Prime Goods,397.08,953.73,2023-03-23
321,Environmental,Electronics,Global Supply Ltd,59.28,139.32,2023-02-03
322,Bring,Grocery,EastAfrica Traders,430.95,570.84,2026-03-06
323,Economic,Electronics,Prime Goods,383.88,744.79,2021-07-17
324,Above,Electronics,Global Supply Ltd,397.88,632.05,2023-07-13
325,Then,Electronics,Prime Goods,114.22,282.61,2023-02-27
326,Camera,Electronics,Prime Goods,170.04,269.09,2022-08-17
327,People,Grocery,MegaWholesale,120.51,191.61,2023-01-07
328,Pattern,Electronics,MegaWholesale,98.11,225.2,2022-03-10
329,It,Beauty,Global Supply Ltd,169.6,331.65,2021-07-18
330,Story,Clothing,EastAfrica Traders,359.5,468.18,2024-09-22
331,Range,Beauty,Global Supply Ltd,425.48,635.63,2021-11-19
332,Government,Beauty,Prime Goods,491.86,637.97,2025-05-20
333,Budget,Electronics,MegaWholesale,205.71,468.5,2023-10-22
334,Future,Electronics,Global Supply Ltd,253.08,440.78,2022-02-16
335,Enter,Beauty,MegaWholesale,137.41,205.77,2021-03-21
336,In,Grocery,EastAfrica Traders,157.95,366.25,2023-05-02
337,Before,Grocery,Prime Goods,407.54,677.04,2023-06-18
338,Quickly,Grocery,Prime Goods,298.93,585.56,2024-10-26
339,Keep,Grocery,Global Supply Ltd,200.26,457.96,2021-12-18
340,Attack,Furniture,EastAfrica Traders,84.33,145.02,2026-01-15
341,When,Furniture,Prime Goods,95.48,208.96,2024-06-20
342,Voice,Furniture,MegaWholesale,97.12,196.84,2025-05-31
343,House,Beauty,Prime Goods,178.12,269.04,2021-04-21
344,Check,Clothing,EastAfrica Traders,254.86,544.25,2024-12-09
345,Easy,Beauty,Prime Goods,401.95,676.71,2021-03-18
346,News,Furniture,EastAfrica Traders,481.39,1152.54,2025-11-11
347,Win,Clothing,EastAfrica Traders,227.07,469.21,2023-10-21
348,Job,Clothing,Prime Goods,202.68,402.35,2022-06-13
349,World,Electronics,MegaWholesale,466.38,559.9,2024-10-10
350,Live,Electronics,MegaWholesale,479.09,999.97,2025-02-24
351,Painting,Clothing,EastAfrica Traders,172.17,228.5,2024-07-05
352,Morning,Beauty,MegaWholesale,348.76,432.24,2023-01-27
353,Manager,Beauty,EastAfrica Traders,116.85,241.28,2022-11-25
354,Pattern,Beauty,Global Supply Ltd,400.19,557.82,2024-06-10
355,Marriage,Furniture,EastAfrica Traders,100.6,149.65,2023-04-21
356,Season,Clothing,EastAfrica Traders,402.75,657.49,2021-12-03
357,Television,Clothing,EastAfrica Traders,14.53,17.59,2024-09-25
358,Tell,Furniture,Prime Goods,476.96,659.77,2021-12-23
359,Parent,Grocery,EastAfrica Traders,194.65,475.73,2022-07-24
360,Grow,Furniture,Prime Goods,105.5,194.91,2024-12-17
361,Send,Clothing,Global Supply Ltd,427.2,516.89,2025-06-14
362,Born,Clothing,EastAfrica Traders,340.75,814.8,2023-02-12
363,True,Grocery,Global Supply Ltd,163.0,258.87,2022-09-21
364,Keep,Electronics,Global Supply Ltd,36.23,72.74,2025-12-09
365,Story,Beauty,MegaWholesale,306.5,456.82,2022-10-20
366,Goal,Furniture,Global Supply Ltd,68.58,126.77,2023-04-10
367,Take,Grocery,Global Supply Ltd,42.0,71.64,2022-11-04
368,Young,Furniture,MegaWholesale,354.03,476.58,2025-10-05
369,Ability,Clothing,EastAfrica Traders,133.75,322.46,2024-09-17
370,When,Beauty,MegaWholesale,8.37,19.77,2023-04-04
371,The,Furniture,MegaWholesale,322.9,766.67,2024-01-21
372,Owner,Grocery,Prime Goods,109.35,183.52,2025-11-14
373,Sometimes,Grocery,Global Supply Ltd,234.03,484.52,2022-04-17
374,However,Beauty,EastAfrica Traders,139.66,291.76,2026-01-02
375,Father,Electronics,Global Supply Ltd,200.13,241.43,2023-06-20
376,Page,Clothing,Global Supply Ltd,69.26,127.76,2025-08-25
377,Pull,Electronics,Global Supply Ltd,187.04,302.54,2024-07-24
378,Information,Clothing,Prime Goods,90.11,176.86,2024-04-23
379,Team,Electronics,Prime Goods,25.09,59.87,2022-11-05
380,Spring,Beauty,MegaWholesale,58.92,120.32,2026-02-19
381,Hair,Clothing,MegaWholesale,202.57,282.53,2025-12-28
382,Cover,Clothing,EastAfrica Traders,402.36,573.41,2024-08-03
383,Present,Furniture,EastAfrica Traders,28.35,54.95,2024-03-26
384,Way,Beauty,MegaWholesale,53.16,89.72,2022-06-08
385,Traditional,Beauty,MegaWholesale,195.4,243.5,2024-04-29
386,Care,Clothing,EastAfrica Traders,339.47,797.41,2022-07-23
387,Approach,Beauty,EastAfrica Traders,204.55,504.96,2025-11-04
388,Radio,Furniture,Global Supply Ltd,442.56,811.97,2024-06-29
389,Maybe,Furniture,Prime Goods,239.01,389.33,2024-08-02
390,Of,Clothing,EastAfrica Traders,103.74,210.91,2024-09-13
391,Its,Electronics,EastAfrica Traders,394.21,513.3,2025-11-11
392,Especially,Clothing,Global Supply Ltd,341.03,446.04,2024-10-20
393,Evidence,Clothing,Prime Goods,145.81,192.28,2022-10-14
394,Edge,Furniture,MegaWholesale,262.79,567.65,2024-03-02
395,Floor,Electronics,Global Supply Ltd,397.42,549.06,2022-11-03
396,Gun,Beauty,Prime Goods,341.86,434.5,2025-06-13
397,Professional,Furniture,Global Supply Ltd,458.44,966.0,2022-03-21
398,Admit,Furniture,EastAfrica Traders,266.62,362.06,2024-10-18
399,Sort,Clothing,Prime Goods,487.84,774.6,2022-11-20
400,Write,Electronics,Prime Goods,243.83,366.31,2022-06-01
401,Car,Beauty,EastAfrica Traders,83.1,117.45,2023-08-26
402,Use,Grocery,MegaWholesale,90.88,155.64,2024-10-10
403,Animal,Furniture,EastAfrica Traders,246.87,322.42,2023-04-07
404,Responsibility,Electronics,EastAfrica Traders,211.89,446.32,2023-02-15
405,Itself,Grocery,Prime Goods,427.34,634.67,2025-06-09
406,Financial,Beauty,EastAfrica Traders,430.33,593.63,2023-12-24
407,Up,Grocery,EastAfrica Traders,473.92,763.14,2023-12-19
408,One,Grocery,EastAfrica Traders,94.53,195.46,2024-08-03
409,Wrong,Electronics,MegaWholesale,124.12,244.72,2025-11-26
410,Itself,Clothing,MegaWholesale,237.13,324.38,2025-02-09
411,Property,Electronics,EastAfrica Traders,145.34,176.53,2024-10-01
412,Moment,Electronics,Global Supply Ltd,427.74,655.18,2025-03-27
413,Walk,Grocery,MegaWholesale,428.14,1029.23,2024-04-09
414,Pass,Electronics,EastAfrica Traders,242.56,469.59,2021-07-27
415,Base,Electronics,Prime Goods,64.03,119.14,2023-02-02
416,International,Beauty,Prime Goods,268.01,414.57,2025-07-29
417,Hundred,Clothing,Prime Goods,352.81,792.15,2024-08-21
418,Decade,Beauty,Global Supply Ltd,425.06,932.54,2025-07-03
419,Street,Electronics,Global Supply Ltd,439.96,597.17,2025-04-08
420,Million,Electronics,Global Supply Ltd,80.3,186.62,2024-12-23
421,Seat,Grocery,EastAfrica Traders,271.76,395.16,2024-12-18
422,Practice,Furniture,MegaWholesale,437.61,608.3,2024-01-11
423,Vote,Grocery,Prime Goods,228.12,557.94,2023-04-16
424,Lay,Electronics,MegaWholesale,304.25,448.65,2024-09-01
425,Thing,Furniture,EastAfrica Traders,176.6,273.16,2023-11-23
426,Five,Clothing,Global Supply Ltd,318.83,415.46,2024-07-16
427,Marriage,Beauty,MegaWholesale,247.0,429.86,2025-05-27
428,Difficult,Clothing,Global Supply Ltd,494.96,660.72,2022-12-02
429,Pick,Clothing,Prime Goods,458.87,1004.84,2021-09-11
430,Direction,Beauty,EastAfrica Traders,495.27,1048.22,2021-09-14
431,Shoulder,Furniture,Prime Goods,490.65,935.79,2022-02-18
432,Read,Grocery,MegaWholesale,379.49,742.0,2024-10-28
433,Receive,Clothing,MegaWholesale,18.82,28.04,2025-03-23
434,Good,Electronics,Prime Goods,283.24,445.51,2024-02-23
435,Opportunity,Clothing,Global Supply Ltd,41.02,57.37,2022-04-14
436,Environment,Grocery,MegaWholesale,383.42,461.73,2025-09-19
437,Common,Grocery,EastAfrica Traders,428.7,968.5,2024-01-15
438,Agreement,Electronics,EastAfrica Traders,444.59,582.87,2025-05-28
439,Believe,Furniture,EastAfrica Traders,386.2,804.82,2023-01-28
440,Manage,Clothing,MegaWholesale,133.39,256.45,2023-08-31
441,White,Grocery,Prime Goods,84.24,158.41,2022-07-27
442,Have,Furniture,MegaWholesale,351.99,738.47,2022-09-20
443,Exist,Electronics,Global Supply Ltd,311.05,650.9,2024-08-03
444,Describe,Electronics,Global Supply Ltd,396.84,700.06,2024-03-26
445,Mrs,Grocery,Global Supply Ltd,413.23,959.55,2023-03-15
446,Use,Beauty,EastAfrica Traders,430.82,741.28,2022-05-09
447,Ready,Grocery,Prime Goods,341.74,680.09,2023-06-16
448,Lot,Grocery,EastAfrica Traders,337.0,651.56,2021-08-18
449,Write,Grocery,Global Supply Ltd,349.42,624.42,2023-02-21
450,Nearly,Furniture,Global Supply Ltd,302.38,665.55,2026-01-13
451,Strategy,Electronics,MegaWholesale,109.94,200.14,2024-02-02
452,Month,Electronics,MegaWholesale,11.63,18.88,2021-06-07
453,Today,Furniture,EastAfrica Traders,200.15,244.87,2024-04-28
454,Discover,Beauty,EastAfrica Traders,62.14,106.78,2024-08-17
455,Medical,Beauty,Global Supply Ltd,73.17,152.31,2024-10-12
456,Fear,Grocery,Global Supply Ltd,102.96,227.68,2022-10-03
457,Modern,Clothing,EastAfrica Traders,487.9,1200.72,2025-08-12
458,Fear,Furniture,Prime Goods,440.35,550.97,2022-04-11
459,Among,Furniture,Global Supply Ltd,208.92,397.95,2021-06-25
460,School,Grocery,Global Supply Ltd,458.02,844.25,2026-02-04
461,Style,Beauty,EastAfrica Traders,49.46,92.58,2023-03-17
462,Relationship,Electronics,Global Supply Ltd,490.13,845.02,2021-04-12
463,Much,Electronics,Prime Goods,225.65,388.05,2025-09-29
464,Return,Grocery,Prime Goods,475.78,583.46,2025-10-17
465,Include,Clothing,EastAfrica Traders,86.86,208.8,2024-05-19
466,Executive,Clothing,MegaWholesale,451.06,924.91,2023-07-04
467,Explain,Electronics,Prime Goods,491.68,825.45,2023-09-08
468,Draw,Clothing,Global Supply Ltd,453.9,1055.42,2025-01-11
469,Campaign,Beauty,MegaWholesale,118.98,203.01,2021-11-05
470,Hear,Beauty,Prime Goods,319.79,731.73,2021-08-18
471,Class,Electronics,Prime Goods,495.38,854.4,2023-05-12
472,Happy,Clothing,Prime Goods,335.8,832.15,2026-01-04
473,Middle,Grocery,Global Supply Ltd,147.26,351.77,2022-06-23
474,Natural,Grocery,Global Supply Ltd,77.84,94.5,2022-04-30
475,Congress,Beauty,EastAfrica Traders,242.94,353.38,2024-11-02
476,Reach,Electronics,Prime Goods,486.84,1055.72,2023-01-30
477,Our,Furniture,Global Supply Ltd,107.94,153.58,2025-03-06
478,Do,Grocery,Global Supply Ltd,25.47,39.82,2022-12-09
479,Security,Clothing,Prime Goods,321.03,726.04,2024-04-26
480,Beyond,Beauty,Prime Goods,335.49,712.76,2023-12-13
481,Head,Clothing,MegaWholesale,64.92,124.99,2022-06-28
482,College,Furniture,Prime Goods,363.67,886.23,2025-02-25
483,Each,Electronics,MegaWholesale,367.85,734.39,2023-07-09
484,Important,Clothing,Prime Goods,68.7,89.92,2021-03-27
485,Bank,Grocery,Prime Goods,303.47,440.57,2023-07-01
486,Develop,Clothing,MegaWholesale,38.18,93.56,2023-11-06
487,Particularly,Furniture,EastAfrica Traders,254.21,446.8,2022-02-21
488,Baby,Furniture,Global Supply Ltd,363.34,884.78,2023-11-11
489,Hundred,Furniture,EastAfrica Traders,98.43,156.29,2025-10-07
490,Rich,Beauty,Prime Goods,217.75,397.27,2024-08-20
491,Soldier,Beauty,EastAfrica Traders,16.98,30.7,2021-09-05
492,Arrive,Beauty,Global Supply Ltd,260.72,392.63,2021-12-29
493,Agent,Furniture,Prime Goods,360.19,454.69,2022-12-15
494,Officer,Furniture,Prime Goods,104.67,201.79,2022-09-24
495,Administration,Electronics,EastAfrica Traders,241.64,383.47,2021-06-15
496,Represent,Electronics,Global Supply Ltd,58.51,89.99,2024-11-06
497,Feel,Clothing,EastAfrica Traders,423.39,998.38,2023-06-24
498,Decade,Furniture,Prime Goods,348.53,576.07,2026-03-13
499,Pull,Electronics,MegaWholesale,16.39,22.74,2024-05-08
500,Water,Electronics,Global Supply Ltd,209.26,267.85,2024-08-24
501,Current,Grocery,Prime Goods,98.81,177.93,2024-05-09
502,Board,Clothing,Prime Goods,27.36,63.74,2025-03-29
503,Card,Furniture,MegaWholesale,477.05,1057.67,2026-01-09
504,Resource,Furniture,Global Supply Ltd,74.98,96.63,2021-12-11
505,Right,Furniture,EastAfrica Traders,346.19,842.03,2024-10-22
506,West,Clothing,MegaWholesale,465.81,787.35,2026-01-15
507,Small,Furniture,MegaWholesale,288.57,595.59,2024-09-07
508,Might,Furniture,EastAfrica Traders,14.55,29.27,2025-06-30
509,Yard,Beauty,Prime Goods,164.32,264.63,2021-08-21
510,Who,Furniture,EastAfrica Traders,404.2,639.92,2023-06-07
511,Job,Grocery,EastAfrica Traders,424.9,827.83,2021-08-29
512,Fly,Electronics,Prime Goods,28.33,42.43,2021-12-18
513,Itself,Beauty,MegaWholesale,450.76,613.43,2022-02-07
514,Thank,Furniture,Global Supply Ltd,280.47,343.34,2025-11-28
515,Much,Furniture,MegaWholesale,138.41,243.92,2024-01-19
516,Book,Grocery,EastAfrica Traders,63.59,96.54,2022-10-27
517,Fact,Clothing,Prime Goods,150.92,234.85,2022-02-03
518,Space,Beauty,Global Supply Ltd,405.11,734.3,2021-06-03
519,Effect,Clothing,EastAfrica Traders,430.5,758.62,2023-11-04
520,Add,Grocery,EastAfrica Traders,51.42,62.91,2022-10-04
521,Do,Grocery,MegaWholesale,240.26,430.52,2024-10-17
522,Various,Clothing,MegaWholesale,53.06,120.59,2025-06-11
523,Into,Beauty,Prime Goods,139.9,196.24,2025-07-28
524,Indeed,Grocery,EastAfrica Traders,102.96,207.84,2022-02-04
525,Rest,Grocery,Prime Goods,456.91,671.14,2022-07-14
526,Everybody,Clothing,Global Supply Ltd,294.22,613.57,2024-07-30
527,Everything,Furniture,Global Supply Ltd,195.46,362.92,2022-12-15
528,Teach,Grocery,Prime Goods,215.26,318.71,2021-04-13
529,Player,Clothing,EastAfrica Traders,363.54,447.45,2024-07-12
530,Require,Clothing,Prime Goods,371.91,735.56,2025-04-14
531,Defense,Beauty,Global Supply Ltd,109.52,237.27,2023-04-27
532,A,Electronics,EastAfrica Traders,255.19,335.1,2023-11-02
533,Success,Grocery,EastAfrica Traders,218.82,463.2,2024-02-19
534,Spend,Grocery,Global Supply Ltd,220.96,320.89,2025-09-01
535,Every,Furniture,MegaWholesale,322.32,477.0,2022-01-18
536,Decade,Grocery,Global Supply Ltd,217.57,406.67,2021-03-28
537,Special,Clothing,EastAfrica Traders,17.34,30.23,2024-09-22
538,Floor,Beauty,Prime Goods,432.75,919.45,2025-08-09
539,Win,Grocery,MegaWholesale,122.19,147.02,2022-03-08
540,Recent,Furniture,MegaWholesale,258.24,426.53,2025-06-27
541,Leave,Clothing,EastAfrica Traders,172.74,426.91,2022-02-13
542,Focus,Clothing,Prime Goods,403.75,778.31,2022-01-08
543,Capital,Beauty,Prime Goods,162.03,253.54,2023-08-02
544,Figure,Grocery,EastAfrica Traders,330.39,687.75,2024-08-01
545,Relationship,Furniture,MegaWholesale,226.99,525.13,2022-07-25
546,Next,Clothing,Prime Goods,80.35,98.98,2024-08-29
547,World,Furniture,Prime Goods,9.36,20.22,2025-05-25
548,Customer,Grocery,Global Supply Ltd,456.61,969.48,2021-11-28
549,Hospital,Clothing,MegaWholesale,348.45,799.23,2021-09-27
550,Recently,Clothing,Prime Goods,333.1,502.81,2022-04-22
551,Station,Clothing,Global Supply Ltd,444.59,630.24,2022-12-31
552,Mouth,Furniture,Prime Goods,210.34,421.94,2022-05-10
553,Throw,Beauty,MegaWholesale,75.21,132.31,2025-09-10
554,Always,Furniture,EastAfrica Traders,381.38,509.01,2021-12-13
555,Wish,Furniture,Global Supply Ltd,391.23,828.06,2023-03-25
556,Goal,Furniture,Global Supply Ltd,323.72,497.01,2024-12-04
557,Again,Grocery,Prime Goods,73.34,140.52,2025-01-24
558,Her,Grocery,MegaWholesale,456.17,748.23,2022-01-24
559,Owner,Furniture,Prime Goods,359.1,637.47,2023-09-20
560,Third,Clothing,MegaWholesale,173.44,296.14,2025-07-07
561,Too,Beauty,EastAfrica Traders,297.93,698.64,2024-03-02
562,Guess,Grocery,MegaWholesale,370.63,917.79,2022-09-25
563,Respond,Beauty,MegaWholesale,196.97,488.89,2021-05-20
564,Son,Clothing,MegaWholesale,423.58,749.82,2025-08-10
565,Current,Beauty,MegaWholesale,200.56,363.95,2021-05-15
566,School,Electronics,EastAfrica Traders,234.32,454.45,2022-02-20
567,Real,Clothing,Prime Goods,166.46,234.67,2023-07-27
568,Hundred,Beauty,EastAfrica Traders,287.34,612.4,2022-03-13
569,Clearly,Beauty,Global Supply Ltd,268.05,417.41,2022-02-26
570,Career,Grocery,MegaWholesale,147.61,279.87,2021-07-05
571,Matter,Electronics,EastAfrica Traders,380.25,463.17,2024-07-03
572,Left,Electronics,Global Supply Ltd,151.28,245.8,2021-03-31
573,Join,Furniture,Global Supply Ltd,195.99,396.84,2022-03-15
574,Professor,Furniture,EastAfrica Traders,56.89,77.97,2022-05-23
575,Wear,Furniture,Prime Goods,463.39,883.55,2022-03-29
576,Wrong,Beauty,Prime Goods,185.41,446.57,2024-02-05
577,American,Clothing,EastAfrica Traders,457.65,842.65,2025-03-27
578,Type,Grocery,Prime Goods,465.78,766.07,2025-04-19
579,Though,Beauty,MegaWholesale,219.96,525.06,2025-08-09
580,Up,Clothing,MegaWholesale,92.38,153.36,2025-03-24
581,Set,Furniture,MegaWholesale,177.92,214.93,2022-06-22
582,Month,Electronics,MegaWholesale,24.22,47.96,2026-02-20
583,Year,Beauty,Prime Goods,165.71,279.06,2021-12-12
584,Bad,Beauty,Prime Goods,321.77,777.2,2026-01-16
585,Finish,Beauty,Prime Goods,178.24,434.41,2021-08-10
586,Present,Clothing,MegaWholesale,195.78,445.54,2026-01-01
587,Her,Grocery,Global Supply Ltd,228.2,310.45,2025-03-07
588,Often,Clothing,MegaWholesale,422.59,1007.77,2023-03-31
589,Once,Beauty,Global Supply Ltd,224.14,385.12,2024-08-18
590,Event,Grocery,MegaWholesale,305.03,650.42,2022-07-27
591,Democrat,Beauty,Prime Goods,240.21,368.97,2022-03-27
592,Paper,Electronics,Global Supply Ltd,270.48,494.91,2025-12-10
593,Network,Beauty,EastAfrica Traders,340.02,651.22,2021-11-21
594,Pick,Furniture,EastAfrica Traders,324.42,413.16,2022-04-11
595,Rise,Furniture,Global Supply Ltd,439.22,550.99,2023-12-30
596,Lead,Clothing,EastAfrica Traders,387.16,636.02,2025-07-26
597,Not,Furniture,Global Supply Ltd,133.01,180.77,2025-02-16
598,Place,Clothing,MegaWholesale,83.88,145.24,2022-04-10
599,Piece,Grocery,Prime Goods,385.68,915.33,2022-05-26
600,Situation,Electronics,EastAfrica Traders,457.01,554.47,2021-04-06
601,They,Furniture,EastAfrica Traders,438.84,531.59,2023-10-24
602,Radio,Grocery,MegaWholesale,261.35,399.3,2023-11-21
603,Simply,Beauty,EastAfrica Traders,231.97,383.16,2022-02-06
604,West,Clothing,MegaWholesale,44.81,68.76,2023-12-02
605,Career,Furniture,Prime Goods,184.05,315.56,2023-06-23
606,Tell,Beauty,Global Supply Ltd,128.2,226.2,2026-03-03
607,Music,Furniture,MegaWholesale,402.37,945.39,2021-06-16
608,Can,Furniture,MegaWholesale,254.21,318.16,2025-03-11
609,Drop,Grocery,Prime Goods,232.71,292.58,2025-06-20
610,May,Beauty,Global Supply Ltd,296.69,458.32,2021-05-16
611,Like,Furniture,EastAfrica Traders,368.3,711.05,2023-11-29
612,Door,Beauty,MegaWholesale,158.38,241.94,2025-09-17
613,However,Clothing,Global Supply Ltd,335.63,572.07,2025-10-17
614,Camera,Beauty,Global Supply Ltd,230.99,473.19,2023-02-07
615,Newspaper,Furniture,Prime Goods,135.45,186.93,2024-03-29
616,Again,Furniture,Global Supply Ltd,443.36,671.26,2025-08-05
617,Baby,Grocery,Global Supply Ltd,40.95,81.28,2022-04-05
618,Study,Beauty,MegaWholesale,195.26,424.19,2021-05-04
619,Common,Furniture,MegaWholesale,472.59,860.61,2022-10-29
620,Citizen,Grocery,Prime Goods,101.26,168.12,2025-11-19
621,Form,Electronics,MegaWholesale,237.11,345.23,2023-07-14
622,Professor,Grocery,Global Supply Ltd,471.97,1091.91,2021-05-07
623,Civil,Furniture,Prime Goods,292.2,461.64,2026-03-04
624,Leave,Furniture,Prime Goods,164.37,352.88,2023-06-04
625,Voice,Beauty,Prime Goods,212.88,491.94,2025-07-25
626,Nation,Furniture,Global Supply Ltd,175.47,264.21,2024-01-01
627,Glass,Clothing,Global Supply Ltd,44.43,65.75,2024-05-13
628,Rest,Electronics,Global Supply Ltd,60.3,81.26,2021-09-09
629,Situation,Clothing,MegaWholesale,213.0,469.73,2021-05-09
630,Style,Furniture,MegaWholesale,255.47,398.76,2023-09-26
631,Not,Grocery,Prime Goods,397.42,761.49,2021-03-27
632,Live,Grocery,MegaWholesale,116.11,147.39,2025-12-22
633,Assume,Clothing,Prime Goods,76.57,174.55,2024-07-02
634,Child,Electronics,Global Supply Ltd,89.48,151.84,2025-01-05
635,Within,Clothing,EastAfrica Traders,331.19,525.11,2022-01-21
636,Set,Grocery,EastAfrica Traders,59.54,104.5,2025-07-07
637,Themselves,Clothing,Global Supply Ltd,119.69,233.21,2023-03-13
638,One,Furniture,MegaWholesale,142.63,253.14,2024-05-07
639,Someone,Furniture,MegaWholesale,392.59,544.03,2024-03-15
640,Forget,Furniture,EastAfrica Traders,413.09,909.2,2023-05-28
641,Opportunity,Electronics,Prime Goods,451.45,661.58,2023-06-02
642,Dog,Clothing,Global Supply Ltd,206.75,362.94,2022-07-06
643,Doctor,Beauty,Prime Goods,260.62,496.36,2024-02-12
644,Door,Electronics,Global Supply Ltd,383.35,659.36,2021-06-03
645,Left,Furniture,EastAfrica Traders,424.99,789.62,2024-05-08
646,Cover,Clothing,MegaWholesale,413.31,589.53,2026-02-27
647,Leave,Grocery,MegaWholesale,322.44,753.8,2025-11-19
648,Official,Grocery,Global Supply Ltd,451.08,845.6,2025-02-14
649,Character,Electronics,EastAfrica Traders,173.57,283.12,2022-11-10
650,Guess,Furniture,Prime Goods,304.38,551.52,2025-09-01
651,Site,Furniture,MegaWholesale,409.07,848.55,2023-09-28
652,Bank,Grocery,EastAfrica Traders,194.37,237.85,2021-08-26
653,Star,Electronics,Global Supply Ltd,147.33,297.65,2022-11-08
654,Kid,Electronics,Prime Goods,144.45,336.91,2024-08-09
655,Ahead,Clothing,Prime Goods,333.88,748.63,2022-01-20
656,Light,Furniture,Prime Goods,411.17,652.66,2023-01-07
657,Wait,Clothing,EastAfrica Traders,148.23,294.21,2024-10-17
658,Outside,Furniture,EastAfrica Traders,431.97,768.27,2022-04-15
659,Throw,Clothing,EastAfrica Traders,220.88,445.05,2021-10-09
660,Size,Electronics,Prime Goods,69.61,122.08,2022-09-23
661,Challenge,Furniture,MegaWholesale,112.59,148.71,2025-04-23
662,Section,Furniture,Global Supply Ltd,88.79,186.3,2021-05-30
663,Their,Beauty,MegaWholesale,363.58,543.56,2021-08-10
664,Car,Clothing,MegaWholesale,284.45,625.02,2023-06-27
665,Number,Beauty,Global Supply Ltd,43.81,90.44,2022-01-07
666,Operation,Furniture,MegaWholesale,426.34,851.08,2025-01-13
667,Everybody,Electronics,EastAfrica Traders,220.75,340.49,2024-06-14
668,Better,Beauty,Prime Goods,49.83,87.89,2024-05-16
669,Fast,Electronics,Prime Goods,119.84,163.98,2024-09-18
670,Bar,Furniture,Prime Goods,195.95,410.64,2021-10-27
671,Sport,Grocery,Prime Goods,395.46,557.65,2025-03-07
672,Car,Beauty,EastAfrica Traders,283.72,415.2,2022-08-14
673,Yard,Beauty,MegaWholesale,20.64,47.36,2024-10-10
674,Early,Grocery,Global Supply Ltd,497.51,1041.47,2022-12-10
675,Window,Clothing,Prime Goods,24.67,61.23,2024-03-11
676,During,Clothing,EastAfrica Traders,365.3,575.41,2024-04-28
677,Focus,Beauty,MegaWholesale,453.49,632.48,2023-02-05
678,North,Grocery,Prime Goods,177.87,397.85,2023-08-20
679,World,Furniture,Prime Goods,213.42,375.13,2021-08-15
680,Window,Electronics,Prime Goods,448.04,652.19,2023-11-27
681,Treatment,Clothing,Prime Goods,498.86,1058.45,2025-10-15
682,These,Electronics,MegaWholesale,169.35,407.74,2022-03-06
683,Present,Clothing,MegaWholesale,490.17,658.29,2026-02-08
684,Personal,Electronics,MegaWholesale,273.74,549.58,2021-04-05
685,Environmental,Grocery,MegaWholesale,70.04,173.34,2022-06-03
686,Father,Clothing,MegaWholesale,98.71,175.68,2023-05-20
687,Key,Beauty,Global Supply Ltd,304.81,580.38,2025-10-05
688,Happy,Grocery,Global Supply Ltd,484.43,1046.42,2022-04-13
689,Art,Beauty,EastAfrica Traders,287.94,454.04,2022-12-25
690,Size,Grocery,EastAfrica Traders,69.68,102.32,2025-07-21
691,Wish,Clothing,Global Supply Ltd,99.09,232.72,2024-09-11
692,Teacher,Beauty,MegaWholesale,456.37,906.5,2024-11-28
693,Radio,Electronics,Global Supply Ltd,332.49,442.87,2023-05-12
694,Grow,Electronics,Global Supply Ltd,461.41,998.32,2021-05-30
695,Player,Electronics,Global Supply Ltd,394.09,744.76,2025-08-30
696,Particularly,Beauty,Prime Goods,391.58,584.23,2023-05-12
697,Piece,Grocery,Prime Goods,465.52,965.88,2025-08-17
698,Economic,Electronics,MegaWholesale,215.08,427.43,2022-12-12
699,Skin,Clothing,Prime Goods,420.97,524.16,2024-01-29
700,Letter,Beauty,MegaWholesale,351.91,455.38,2026-01-06
701,Answer,Clothing,Global Supply Ltd,355.0,600.08,2023-08-13
702,Relationship,Beauty,EastAfrica Traders,84.97,143.9,2023-07-08
703,The,Beauty,Prime Goods,370.5,669.23,2022-01-13
704,Traditional,Electronics,Prime Goods,45.54,89.94,2022-12-01
705,Area,Clothing,EastAfrica Traders,19.15,39.6,2022-06-02
706,Open,Electronics,MegaWholesale,354.37,595.21,2025-06-23
707,Experience,Clothing,Prime Goods,377.52,505.93,2024-09-19
708,Ready,Beauty,Prime Goods,10.12,24.48,2023-07-15
709,Idea,Grocery,MegaWholesale,321.24,769.05,2025-08-23
710,Add,Furniture,MegaWholesale,30.89,46.2,2022-03-30
711,Use,Clothing,Prime Goods,333.39,686.37,2023-07-26
712,Foot,Furniture,Global Supply Ltd,442.65,844.77,2025-01-06
713,Grow,Grocery,MegaWholesale,489.28,964.48,2022-02-07
714,Budget,Furniture,Global Supply Ltd,196.58,359.4,2021-06-30
715,Allow,Beauty,EastAfrica Traders,301.57,463.07,2026-03-01
716,Agency,Beauty,Prime Goods,200.2,331.16,2022-11-17
717,Operation,Clothing,EastAfrica Traders,196.51,280.24,2021-05-30
718,Eat,Furniture,EastAfrica Traders,354.76,744.57,2023-11-02
719,Responsibility,Beauty,Global Supply Ltd,184.79,375.02,2021-08-22
720,Not,Clothing,EastAfrica Traders,103.36,188.31,2023-06-03
721,Thousand,Grocery,Prime Goods,219.34,270.7,2024-12-23
722,Size,Grocery,MegaWholesale,111.53,213.32,2021-10-08
723,Then,Furniture,MegaWholesale,40.82,85.27,2025-12-22
724,Parent,Grocery,Prime Goods,277.85,591.62,2023-01-17
725,Put,Furniture,EastAfrica Traders,411.34,711.3,2025-10-22
726,Democrat,Beauty,Prime Goods,41.02,95.44,2023-11-29
727,Figure,Grocery,EastAfrica Traders,11.23,22.33,2025-02-18
728,Standard,Electronics,MegaWholesale,128.76,282.3,2025-11-20
729,Structure,Grocery,EastAfrica Traders,234.36,385.55,2024-01-14
730,Federal,Grocery,MegaWholesale,303.51,652.05,2021-08-14
731,Behavior,Beauty,EastAfrica Traders,244.73,530.8,2021-05-15
732,Dinner,Electronics,Prime Goods,217.43,304.19,2021-06-09
733,Morning,Beauty,EastAfrica Traders,176.45,412.15,2024-07-24
734,Office,Grocery,Prime Goods,343.35,711.38,2023-11-07
735,Price,Furniture,EastAfrica Traders,182.17,264.62,2021-09-28
736,Pick,Beauty,Global Supply Ltd,163.21,379.35,2025-10-04
737,Left,Furniture,Global Supply Ltd,138.86,335.37,2021-08-01
738,Improve,Clothing,EastAfrica Traders,160.3,368.11,2023-10-23
739,Tell,Furniture,EastAfrica Traders,212.76,355.22,2025-12-13
740,Health,Grocery,EastAfrica Traders,236.08,478.76,2024-01-05
741,Away,Electronics,Prime Goods,96.94,198.78,2022-02-15
742,Movement,Grocery,Global Supply Ltd,497.66,1069.21,2026-03-09
743,Exist,Beauty,EastAfrica Traders,88.29,216.73,2022-01-12
744,Present,Electronics,MegaWholesale,67.3,84.22,2022-07-06
745,Wear,Furniture,EastAfrica Traders,311.02,648.81,2023-08-14
746,Amount,Grocery,EastAfrica Traders,237.92,302.8,2023-05-23
747,Down,Beauty,MegaWholesale,116.07,191.03,2023-11-26
748,Growth,Clothing,MegaWholesale,332.01,745.45,2023-09-11
749,Out,Clothing,MegaWholesale,315.58,527.1,2025-01-18
750,Able,Clothing,MegaWholesale,127.24,280.95,2022-05-21
751,Usually,Grocery,Prime Goods,86.31,107.01,2021-09-13
752,Traditional,Beauty,Global Supply Ltd,468.55,696.62,2022-11-27
753,Field,Furniture,EastAfrica Traders,391.06,699.4,2025-10-23
754,Together,Grocery,Global Supply Ltd,124.12,199.35,2021-11-21
755,Admit,Furniture,EastAfrica Traders,436.18,890.43,2025-02-09
756,Away,Clothing,MegaWholesale,6.63,8.02,2021-08-31
757,Make,Beauty,EastAfrica Traders,36.02,84.51,2022-11-12
758,Listen,Electronics,MegaWholesale,142.8,255.36,2024-12-14
759,Television,Grocery,Global Supply Ltd,32.84,81.47,2021-11-10
760,Since,Beauty,EastAfrica Traders,339.68,766.51,2021-07-20
761,Rest,Furniture,EastAfrica Traders,251.5,488.0,2022-03-20
762,Just,Furniture,EastAfrica Traders,53.57,129.38,2025-09-13
763,Computer,Furniture,Prime Goods,29.42,52.62,2024-04-23
764,Maybe,Beauty,EastAfrica Traders,221.23,398.28,2024-09-23
765,Take,Beauty,Global Supply Ltd,163.79,371.79,2022-05-28
766,Discussion,Grocery,Global Supply Ltd,134.72,227.39,2022-10-29
767,Both,Furniture,EastAfrica Traders,132.39,254.36,2026-01-09
768,Measure,Clothing,Global Supply Ltd,422.74,552.98,2025-02-11
769,Blood,Grocery,Global Supply Ltd,93.11,192.89,2021-09-11
770,Magazine,Beauty,MegaWholesale,487.24,641.82,2023-05-20
771,Dark,Electronics,Prime Goods,110.16,148.72,2024-03-23
772,Pay,Furniture,EastAfrica Traders,268.93,433.28,2025-06-07
773,Even,Electronics,Global Supply Ltd,182.68,314.48,2025-01-28
774,Television,Furniture,MegaWholesale,62.42,147.15,2021-05-01
775,Sound,Furniture,Prime Goods,476.18,757.16,2025-05-25
776,Student,Beauty,Prime Goods,386.11,694.65,2021-03-29
777,Oil,Beauty,Prime Goods,228.9,451.47,2022-07-16
778,Listen,Electronics,Global Supply Ltd,69.3,115.27,2022-03-15
779,Avoid,Clothing,Prime Goods,240.73,358.07,2025-05-31
780,Recent,Beauty,Global Supply Ltd,466.7,661.83,2021-10-11
781,Recent,Beauty,Prime Goods,253.12,433.6,2022-04-28
782,Road,Electronics,EastAfrica Traders,326.7,446.11,2021-11-03
783,Event,Electronics,Global Supply Ltd,408.73,895.45,2021-11-29
784,Write,Electronics,Prime Goods,383.76,595.76,2025-02-26
785,Movement,Grocery,Prime Goods,85.45,174.44,2023-04-11
786,Scene,Electronics,Global Supply Ltd,225.93,439.49,2025-09-05
787,Thank,Electronics,EastAfrica Traders,476.2,956.61,2021-10-28
788,Experience,Grocery,Global Supply Ltd,212.92,291.43,2021-04-11
789,Generation,Electronics,Global Supply Ltd,361.22,851.43,2025-05-13
790,Opportunity,Grocery,Prime Goods,382.35,902.67,2024-02-23
791,Brother,Furniture,Prime Goods,333.35,709.62,2021-11-17
792,Series,Grocery,Global Supply Ltd,214.26,444.38,2024-08-14
793,Government,Grocery,Global Supply Ltd,239.66,409.32,2025-04-25
794,Play,Furniture,Global Supply Ltd,308.34,496.85,2021-09-28
795,Money,Beauty,Prime Goods,189.67,310.03,2022-12-26
796,Senior,Clothing,EastAfrica Traders,139.94,218.83,2024-07-22
797,Game,Clothing,MegaWholesale,419.11,628.98,2022-07-06
798,Environment,Clothing,MegaWholesale,327.1,513.28,2025-05-06
799,Human,Furniture,Prime Goods,430.47,706.56,2022-01-13
800,Student,Clothing,Prime Goods,284.07,450.81,2025-10-19
801,Growth,Beauty,MegaWholesale,148.11,218.45,2025-09-06
802,Company,Beauty,EastAfrica Traders,488.77,596.38,2023-05-30
803,New,Clothing,Prime Goods,318.03,719.06,2024-03-08
804,May,Electronics,Global Supply Ltd,162.11,222.31,2024-09-02
805,See,Furniture,EastAfrica Traders,171.86,347.08,2022-07-17
806,Nothing,Furniture,EastAfrica Traders,98.91,242.11,2021-12-07
807,Morning,Clothing,Global Supply Ltd,498.42,795.85,2021-07-07
808,Father,Furniture,EastAfrica Traders,134.17,192.56,2024-11-02
809,Charge,Electronics,EastAfrica Traders,388.56,951.04,2025-08-28
810,Quality,Grocery,MegaWholesale,460.66,1077.03,2022-01-19
811,Shake,Clothing,MegaWholesale,49.05,76.27,2023-09-08
812,While,Electronics,Prime Goods,233.51,569.0,2024-06-17
813,Despite,Grocery,EastAfrica Traders,153.71,331.08,2022-02-04
814,Capital,Beauty,EastAfrica Traders,167.47,260.81,2021-04-26
815,Others,Grocery,MegaWholesale,154.2,291.79,2025-10-08
816,Include,Clothing,Prime Goods,489.01,673.44,2022-07-23
817,Professional,Furniture,MegaWholesale,102.13,252.89,2025-05-12
818,Record,Furniture,MegaWholesale,227.5,397.66,2022-04-01
819,Marriage,Beauty,EastAfrica Traders,410.68,879.87,2023-08-03
820,Science,Electronics,Prime Goods,39.51,89.36,2021-03-18
821,Capital,Clothing,MegaWholesale,196.83,294.13,2022-08-21
822,Happen,Beauty,Prime Goods,196.76,274.47,2022-05-26
823,Either,Beauty,Prime Goods,316.81,420.92,2024-09-07
824,Ready,Clothing,Global Supply Ltd,341.38,776.99,2024-12-20
825,Large,Electronics,EastAfrica Traders,421.6,593.15,2021-12-03
826,One,Beauty,EastAfrica Traders,197.22,419.55,2023-01-02
827,None,Furniture,EastAfrica Traders,17.83,34.11,2025-07-12
828,Discuss,Beauty,MegaWholesale,179.88,356.3,2024-09-25
829,Play,Furniture,MegaWholesale,207.19,291.36,2024-12-29
830,Safe,Grocery,Prime Goods,201.78,474.14,2024-11-24
831,Conference,Furniture,EastAfrica Traders,20.85,49.28,2021-07-12
832,Degree,Electronics,MegaWholesale,328.37,646.08,2022-01-19
833,Control,Electronics,EastAfrica Traders,372.41,850.36,2024-07-20
834,Growth,Beauty,EastAfrica Traders,172.77,285.35,2021-08-30
835,Paper,Beauty,EastAfrica Traders,64.57,77.74,2025-07-29
836,Create,Clothing,Global Supply Ltd,154.9,309.0,2024-12-07
837,Machine,Beauty,Global Supply Ltd,261.27,566.1,2024-05-04
838,Certainly,Clothing,MegaWholesale,462.15,575.88,2024-11-25
839,Message,Electronics,EastAfrica Traders,69.83,169.27,2024-06-08
840,Imagine,Electronics,EastAfrica Traders,440.85,544.77,2023-11-12
841,Clearly,Grocery,MegaWholesale,450.6,796.9,2023-10-01
842,On,Grocery,MegaWholesale,471.33,1125.64,2024-04-27
843,Sort,Grocery,Prime Goods,312.89,700.76,2022-09-01
844,Food,Clothing,EastAfrica Traders,146.6,319.46,2025-01-16
845,Join,Electronics,MegaWholesale,497.95,1203.26,2025-05-28
846,Example,Electronics,Prime Goods,348.26,552.77,2021-06-30
847,Manager,Grocery,EastAfrica Traders,346.09,561.47,2024-11-10
848,Relationship,Grocery,Global Supply Ltd,438.96,882.08,2024-10-29
849,Son,Beauty,MegaWholesale,346.47,509.43,2023-06-29
850,Always,Electronics,Global Supply Ltd,260.12,628.52,2026-01-07
851,Though,Beauty,MegaWholesale,396.88,658.24,2026-01-11
852,Eye,Beauty,EastAfrica Traders,290.68,600.3,2024-04-15
853,Security,Clothing,Prime Goods,361.94,805.94,2022-12-28
854,Office,Beauty,Global Supply Ltd,84.87,139.61,2025-02-05
855,Box,Beauty,MegaWholesale,28.82,53.17,2025-09-15
856,Item,Beauty,Prime Goods,187.3,291.74,2023-08-23
857,Model,Electronics,Global Supply Ltd,116.79,233.82,2025-12-06
858,Exactly,Furniture,MegaWholesale,109.62,222.97,2021-12-11
859,Kind,Clothing,EastAfrica Traders,401.12,496.25,2022-04-15
860,Recently,Furniture,Global Supply Ltd,432.32,829.42,2025-09-11
861,Black,Beauty,MegaWholesale,220.48,524.51,2026-01-23
862,Sign,Grocery,MegaWholesale,70.5,145.7,2024-10-13
863,Change,Grocery,Global Supply Ltd,48.86,61.74,2023-05-17
864,Middle,Furniture,Global Supply Ltd,56.5,72.65,2024-09-27
865,Back,Grocery,MegaWholesale,127.2,291.17,2025-10-13
866,Able,Beauty,Global Supply Ltd,60.59,110.55,2025-10-26
867,Will,Clothing,Global Supply Ltd,178.26,289.76,2023-04-12
868,Eat,Furniture,EastAfrica Traders,222.9,347.47,2021-04-14
869,Interest,Clothing,Prime Goods,126.92,237.14,2025-12-10
870,Reality,Beauty,Prime Goods,216.64,290.68,2021-12-28
871,Simply,Beauty,Prime Goods,214.45,483.15,2025-11-05
872,Exist,Beauty,Global Supply Ltd,86.62,199.72,2022-04-07
873,Fish,Furniture,Global Supply Ltd,492.53,1034.06,2021-11-02
874,Late,Grocery,Prime Goods,73.2,161.99,2025-12-03
875,Share,Beauty,Global Supply Ltd,47.55,105.95,2026-01-26
876,Character,Beauty,Prime Goods,433.01,541.39,2026-01-26
877,Ten,Clothing,Prime Goods,360.01,586.68,2023-10-18
878,Play,Grocery,EastAfrica Traders,415.34,874.67,2025-03-23
879,Spring,Clothing,MegaWholesale,238.45,542.63,2024-06-27
880,Main,Beauty,EastAfrica Traders,19.15,25.11,2021-07-13
881,Clear,Electronics,Global Supply Ltd,201.72,342.14,2023-02-24
882,Stand,Clothing,MegaWholesale,428.95,528.23,2022-10-03
883,Fly,Beauty,Global Supply Ltd,12.62,24.59,2024-03-18
884,Turn,Clothing,Global Supply Ltd,148.38,335.2,2025-05-11
885,Responsibility,Grocery,Global Supply Ltd,215.3,516.8,2022-08-01
886,Oil,Furniture,MegaWholesale,112.69,175.5,2023-09-01
887,Citizen,Grocery,Prime Goods,151.23,194.4,2022-05-29
888,Open,Beauty,Prime Goods,5.38,10.33,2023-11-21
889,Main,Electronics,Global Supply Ltd,109.19,249.45,2024-06-05
890,Site,Furniture,Prime Goods,494.16,1054.44,2024-04-21
891,Sometimes,Furniture,EastAfrica Traders,292.55,385.86,2022-08-19
892,Share,Electronics,EastAfrica Traders,58.66,74.35,2024-02-07
893,Image,Furniture,Prime Goods,93.81,134.87,2021-07-08
894,Item,Electronics,MegaWholesale,253.14,537.31,2025-07-08
895,Available,Electronics,MegaWholesale,466.05,870.06,2021-08-08
896,Subject,Electronics,EastAfrica Traders,454.1,550.88,2021-05-25
897,Authority,Grocery,Prime Goods,276.32,484.43,2025-10-17
898,Every,Grocery,Prime Goods,305.71,414.85,2023-12-13
899,Choice,Furniture,Prime Goods,233.18,362.95,2023-03-13
900,Maybe,Furniture,Global Supply Ltd,279.04,615.97,2022-07-19
901,Employee,Clothing,EastAfrica Traders,12.09,24.48,2023-01-16
902,Think,Electronics,Prime Goods,192.26,308.99,2021-05-25
903,Appear,Electronics,Prime Goods,155.8,195.37,2025-04-09
904,Example,Furniture,EastAfrica Traders,453.17,649.11,2022-08-02
905,Collection,Beauty,Global Supply Ltd,28.44,44.62,2026-03-14
906,Capital,Electronics,EastAfrica Traders,384.97,832.6,2025-05-05
907,Player,Clothing,EastAfrica Traders,393.46,670.66,2021-12-21
908,Receive,Furniture,EastAfrica Traders,196.57,426.25,2024-03-16
909,You,Electronics,MegaWholesale,64.23,147.72,2023-04-19
910,Party,Grocery,Prime Goods,346.21,839.0,2022-04-23
911,New,Electronics,MegaWholesale,359.6,864.43,2023-01-24
912,Look,Electronics,EastAfrica Traders,213.64,436.71,2023-10-04
913,Question,Clothing,Global Supply Ltd,298.7,737.75,2024-12-02
914,Technology,Grocery,Prime Goods,79.88,191.44,2024-07-30
915,Increase,Furniture,Global Supply Ltd,466.25,871.3,2025-12-03
916,Guess,Beauty,Global Supply Ltd,55.9,126.69,2023-12-04
917,Make,Clothing,MegaWholesale,391.6,662.4,2021-05-24
918,Study,Beauty,MegaWholesale,68.96,152.5,2022-07-10
919,Thing,Grocery,MegaWholesale,394.85,777.63,2021-12-09
920,Social,Beauty,EastAfrica Traders,72.34,158.81,2024-12-05
921,Experience,Furniture,Global Supply Ltd,149.69,298.09,2024-03-07
922,Everyone,Clothing,EastAfrica Traders,177.83,322.41,2025-10-01
923,Public,Beauty,Prime Goods,174.15,434.37,2023-01-01
924,Individual,Furniture,Prime Goods,45.2,79.41,2021-03-30
925,East,Furniture,EastAfrica Traders,312.67,570.78,2023-04-15
926,Clearly,Grocery,Prime Goods,71.25,107.6,2022-10-14
927,Herself,Furniture,MegaWholesale,423.25,800.97,2026-02-26
928,This,Electronics,EastAfrica Traders,417.58,764.64,2022-12-09
929,Point,Furniture,Prime Goods,259.82,523.76,2025-07-21
930,Something,Furniture,EastAfrica Traders,38.38,64.6,2024-09-29
931,Sing,Clothing,Global Supply Ltd,356.71,653.33,2025-08-01
932,Effect,Clothing,MegaWholesale,465.19,1089.98,2024-07-25
933,Specific,Clothing,Global Supply Ltd,269.51,404.74,2025-04-16
934,Woman,Clothing,Prime Goods,200.82,445.23,2022-10-27
935,Make,Clothing,Global Supply Ltd,337.47,742.39,2023-07-09
936,Off,Beauty,EastAfrica Traders,65.41,120.56,2026-01-08
937,Discuss,Electronics,Global Supply Ltd,416.52,1015.72,2022-06-04
938,Him,Electronics,Global Supply Ltd,437.88,912.19,2021-12-03
939,Those,Beauty,EastAfrica Traders,62.41,106.98,2021-10-04
940,Each,Clothing,EastAfrica Traders,329.75,447.31,2024-02-14
941,Least,Clothing,Global Supply Ltd,469.54,768.48,2025-12-30
942,Identify,Electronics,EastAfrica Traders,465.27,747.86,2021-10-15
943,Society,Electronics,Global Supply Ltd,295.08,371.14,2023-03-21
944,Ok,Furniture,Global Supply Ltd,442.06,713.44,2022-07-24
945,New,Grocery,MegaWholesale,395.35,892.64,2023-02-17
946,Lead,Grocery,Global Supply Ltd,438.2,681.23,2023-03-31
947,Final,Electronics,Prime Goods,46.98,58.21,2021-10-18
948,National,Electronics,MegaWholesale,19.86,30.76,2024-05-10
949,Population,Grocery,Prime Goods,419.9,868.13,2023-08-09
950,Change,Beauty,EastAfrica Traders,24.29,53.91,2023-05-20
951,She,Furniture,Prime Goods,295.54,644.47,2021-12-28
952,Federal,Beauty,MegaWholesale,329.01,513.49,2024-02-22
953,Sign,Furniture,EastAfrica Traders,300.04,558.58,2023-08-07
954,Me,Clothing,Prime Goods,477.7,1040.27,2021-06-30
955,Behind,Clothing,EastAfrica Traders,273.84,429.93,2023-02-26
956,Get,Grocery,MegaWholesale,409.65,964.1,2023-04-28
957,Education,Beauty,Prime Goods,99.3,171.19,2022-07-11
958,Rich,Electronics,EastAfrica Traders,114.31,157.95,2023-02-28
959,Want,Grocery,Global Supply Ltd,488.33,1130.59,2021-12-25
960,Training,Clothing,Global Supply Ltd,408.85,879.2,2022-08-31
961,Country,Grocery,Global Supply Ltd,425.08,828.89,2023-02-07
962,Yet,Clothing,Global Supply Ltd,34.69,51.93,2023-11-27
963,Mother,Clothing,Global Supply Ltd,41.12,89.94,2024-12-12
964,Choose,Electronics,EastAfrica Traders,295.52,559.13,2024-06-18
965,Significant,Electronics,Prime Goods,352.46,868.61,2025-09-05
966,Commercial,Clothing,Prime Goods,19.36,33.17,2021-03-17
967,Out,Clothing,Prime Goods,90.31,211.6,2025-07-06
968,As,Beauty,MegaWholesale,152.1,286.21,2024-09-21
969,Source,Beauty,MegaWholesale,340.09,591.99,2022-10-17
970,Become,Clothing,Prime Goods,383.36,837.11,2025-04-25
971,Industry,Electronics,Prime Goods,165.3,282.21,2024-12-18
972,Fear,Furniture,Global Supply Ltd,33.28,49.98,2022-09-30
973,Value,Furniture,EastAfrica Traders,158.64,385.98,2023-08-19
974,Dog,Electronics,EastAfrica Traders,228.35,412.67,2023-06-06
975,Political,Grocery,EastAfrica Traders,498.46,1161.2,2025-05-10
976,Lose,Beauty,Global Supply Ltd,361.15,822.57,2025-02-27
977,Would,Clothing,MegaWholesale,419.69,608.1,2023-09-06
978,Worker,Beauty,EastAfrica Traders,321.54,478.8,2025-01-17
979,Let,Clothing,Global Supply Ltd,22.47,49.96,2021-12-19
980,Size,Grocery,MegaWholesale,301.34,468.37,2025-04-11
981,Member,Furniture,MegaWholesale,82.91,146.89,2023-06-24
982,Past,Electronics,Global Supply Ltd,425.83,551.85,2025-10-01
983,Design,Electronics,Global Supply Ltd,128.09,160.62,2023-09-18
984,Doctor,Electronics,Global Supply Ltd,280.15,477.14,2026-03-10
985,Whose,Beauty,Prime Goods,140.52,201.41,2022-07-21
986,Identify,Electronics,Prime Goods,429.85,567.39,2021-10-01
987,Yeah,Grocery,Global Supply Ltd,411.21,947.7,2024-01-11
988,Middle,Clothing,EastAfrica Traders,136.66,253.76,2024-12-07
989,Method,Furniture,Prime Goods,471.51,828.56,2023-12-30
990,Cover,Grocery,Global Supply Ltd,227.23,354.01,2021-05-09
991,Board,Beauty,Global Supply Ltd,135.0,223.09,2021-05-27
992,Network,Electronics,MegaWholesale,93.42,168.78,2023-04-13
993,Than,Clothing,EastAfrica Traders,209.75,301.42,2025-05-31
994,Along,Furniture,Prime Goods,479.5,1162.62,2021-09-28
995,Huge,Electronics,MegaWholesale,234.07,445.42,2022-03-21
996,Spring,Clothing,Prime Goods,42.62,71.92,2022-06-05
997,Military,Beauty,MegaWholesale,22.71,46.18,2024-07-19
998,Traditional,Beauty,Prime Goods,69.24,99.56,2022-12-11
999,Standard,Beauty,Global Supply Ltd,155.22,246.25,2023-05-28
1000,Read,Grocery,EastAfrica Traders,182.71,311.5,2025-09-11
1001,Only,Clothing,EastAfrica Traders,227.53,345.02,2022-10-23
1002,Stand,Clothing,Prime Goods,469.51,1105.1,2023-01-27
1003,Protect,Furniture,EastAfrica Traders,91.03,206.85,2025-12-30
1004,Either,Grocery,MegaWholesale,68.14,113.81,2023-11-22
1005,Go,Clothing,Global Supply Ltd,465.08,970.79,2024-09-09
1006,Someone,Grocery,Prime Goods,316.54,543.79,2023-04-17
1007,Hundred,Clothing,MegaWholesale,332.05,773.45,2022-07-22
1008,Alone,Grocery,MegaWholesale,146.74,313.82,2021-05-18
1009,Newspaper,Beauty,MegaWholesale,145.59,359.62,2024-01-27
1010,Each,Furniture,MegaWholesale,194.7,478.4,2022-07-22
1011,Certainly,Electronics,EastAfrica Traders,342.61,852.91,2021-08-05
1012,Technology,Clothing,Prime Goods,208.4,282.64,2024-11-19
1013,Meet,Furniture,MegaWholesale,404.93,772.08,2023-09-02
1014,Believe,Clothing,EastAfrica Traders,101.73,182.26,2023-12-06
1015,Whatever,Furniture,EastAfrica Traders,331.94,436.6,2021-09-13
1016,Paper,Furniture,Prime Goods,494.71,632.43,2022-04-03
1017,Fine,Furniture,EastAfrica Traders,47.33,65.14,2024-04-05
1018,Hard,Furniture,MegaWholesale,288.6,597.14,2024-08-29
1019,Have,Grocery,Prime Goods,359.9,641.18,2021-08-09
1020,Beyond,Grocery,Global Supply Ltd,397.24,680.35,2023-07-16
1021,Mouth,Clothing,Global Supply Ltd,42.14,98.98,2024-02-14
1022,Hand,Furniture,EastAfrica Traders,254.56,431.51,2022-12-14
1023,Behind,Grocery,Global Supply Ltd,92.53,165.51,2025-03-31
1024,Bit,Clothing,EastAfrica Traders,350.08,490.11,2026-01-15
1025,Have,Grocery,Prime Goods,258.97,530.79,2021-05-09
1026,Likely,Beauty,MegaWholesale,471.77,1027.85,2022-11-17
1027,Be,Grocery,Prime Goods,189.57,275.42,2022-03-12
1028,Cut,Clothing,Prime Goods,42.4,68.91,2021-07-21
1029,Particularly,Beauty,Global Supply Ltd,217.15,273.67,2025-02-07
1030,A,Beauty,Global Supply Ltd,241.91,445.62,2022-10-20
1031,We,Electronics,Global Supply Ltd,238.16,352.11,2024-07-16
1032,Teach,Clothing,EastAfrica Traders,352.75,736.32,2021-06-29
1033,Yourself,Beauty,EastAfrica Traders,85.88,140.57,2021-10-03
1034,Only,Grocery,Global Supply Ltd,86.33,150.37,2023-04-19
1035,Too,Clothing,Global Supply Ltd,328.96,680.1,2022-11-01
1036,Blue,Grocery,Prime Goods,147.22,305.1,2021-05-22
1037,Common,Grocery,MegaWholesale,45.55,64.44,2025-12-07
1038,Strategy,Beauty,Global Supply Ltd,124.06,220.31,2025-05-31
1039,Lay,Clothing,EastAfrica Traders,409.34,906.49,2023-05-06
1040,Talk,Furniture,Prime Goods,380.05,666.35,2023-09-24
1041,Me,Grocery,EastAfrica Traders,397.33,757.69,2023-12-25
1042,Call,Clothing,EastAfrica Traders,277.95,446.16,2022-10-17
1043,Floor,Grocery,MegaWholesale,103.84,256.77,2022-08-26
1044,Notice,Electronics,Prime Goods,64.15,92.44,2021-07-19
1045,Boy,Clothing,MegaWholesale,251.93,316.32,2023-05-22
1046,Property,Clothing,Prime Goods,442.9,903.39,2024-12-19
1047,Boy,Furniture,MegaWholesale,198.35,432.61,2023-06-15
1048,Center,Grocery,EastAfrica Traders,43.31,63.05,2022-06-22
1049,Them,Clothing,Prime Goods,484.65,1030.62,2025-03-12
1050,While,Clothing,EastAfrica Traders,365.89,640.81,2023-05-13
1051,Dinner,Grocery,MegaWholesale,266.11,450.55,2024-05-30
1052,Million,Clothing,MegaWholesale,443.34,792.61,2022-02-05
1053,Figure,Electronics,MegaWholesale,60.94,102.0,2025-02-08
1054,Cold,Furniture,Prime Goods,18.29,36.77,2021-10-25
1055,Physical,Electronics,EastAfrica Traders,27.2,48.31,2022-05-19
1056,Reach,Grocery,EastAfrica Traders,319.5,697.01,2023-08-24
1057,Per,Clothing,EastAfrica Traders,434.4,862.73,2023-10-22
1058,Ok,Clothing,MegaWholesale,190.35,299.5,2025-10-01
1059,Scene,Electronics,Prime Goods,137.94,204.34,2025-09-09
1060,Oil,Grocery,Global Supply Ltd,383.27,933.0,2024-11-14
1061,We,Clothing,EastAfrica Traders,284.32,558.14,2023-03-21
1062,Friend,Grocery,Global Supply Ltd,447.11,881.47,2021-10-30
1063,Onto,Clothing,EastAfrica Traders,32.8,81.37,2021-05-05
1064,Seem,Beauty,Prime Goods,265.11,610.93,2021-03-27
1065,Crime,Beauty,EastAfrica Traders,7.38,18.22,2022-10-26
1066,Leader,Beauty,Global Supply Ltd,478.63,611.17,2024-06-10
1067,Speak,Beauty,EastAfrica Traders,101.64,218.46,2026-02-24
1068,Beat,Clothing,EastAfrica Traders,332.7,556.39,2022-02-23
1069,Begin,Electronics,Prime Goods,115.35,217.19,2022-09-30
1070,Tough,Electronics,Global Supply Ltd,362.84,760.07,2023-06-05
1071,Sound,Beauty,Global Supply Ltd,493.85,1224.15,2021-11-14
1072,Television,Electronics,Global Supply Ltd,14.13,24.56,2023-04-18
1073,Help,Beauty,Global Supply Ltd,218.74,532.85,2022-04-07
1074,Congress,Furniture,Global Supply Ltd,167.36,278.55,2023-09-07
1075,Note,Grocery,Prime Goods,484.93,914.94,2022-11-01
1076,His,Grocery,EastAfrica Traders,164.99,401.77,2023-07-28
1077,Ask,Electronics,MegaWholesale,84.88,109.51,2023-09-08
1078,Lawyer,Grocery,MegaWholesale,37.56,54.39,2022-02-10
1079,Power,Grocery,Prime Goods,200.99,467.49,2024-12-10
1080,Future,Beauty,Prime Goods,312.29,731.24,2022-09-03
1081,Save,Grocery,MegaWholesale,69.87,103.92,2021-05-13
1082,Person,Grocery,EastAfrica Traders,269.34,359.42,2025-06-20
1083,True,Furniture,MegaWholesale,421.51,950.8,2021-05-24
1084,Bring,Beauty,Prime Goods,407.67,633.06,2023-04-25
1085,Finish,Clothing,MegaWholesale,419.01,793.52,2021-07-21
1086,Another,Beauty,EastAfrica Traders,152.78,298.12,2022-09-23
1087,Voice,Electronics,Global Supply Ltd,446.4,673.15,2023-10-02
1088,Wonder,Grocery,EastAfrica Traders,270.62,331.58,2023-09-02
1089,Market,Beauty,Prime Goods,66.31,159.65,2025-04-13
1090,People,Clothing,EastAfrica Traders,289.87,605.28,2023-04-29
1091,Everyone,Grocery,Prime Goods,71.13,121.93,2022-01-14
1092,Role,Grocery,Prime Goods,161.62,215.23,2022-09-25
1093,Produce,Beauty,Global Supply Ltd,297.08,700.3,2022-08-05
1094,Any,Clothing,EastAfrica Traders,365.75,880.32,2025-04-17
1095,Whether,Grocery,MegaWholesale,149.25,295.24,2025-12-04
1096,Available,Clothing,MegaWholesale,216.49,440.26,2025-08-14
1097,Central,Clothing,Prime Goods,422.57,1006.68,2022-01-25
1098,Begin,Grocery,Global Supply Ltd,364.64,474.93,2025-02-07
1099,Want,Clothing,Prime Goods,111.55,212.16,2025-10-19
1100,Big,Grocery,Global Supply Ltd,499.1,1166.08,2021-08-31
1101,Whether,Clothing,MegaWholesale,483.39,795.06,2024-02-25
1102,Senior,Furniture,MegaWholesale,330.74,661.25,2025-03-13
1103,Near,Beauty,Prime Goods,157.17,212.32,2025-08-20
1104,Sort,Beauty,Prime Goods,305.09,640.74,2023-01-07
1105,When,Clothing,Prime Goods,57.08,79.7,2022-05-11
1106,Brother,Beauty,Global Supply Ltd,258.69,370.45,2023-05-09
1107,System,Electronics,Global Supply Ltd,94.42,155.81,2024-03-03
1108,Time,Furniture,EastAfrica Traders,184.84,392.77,2022-03-06
1109,Measure,Electronics,Global Supply Ltd,215.02,360.5,2021-06-26
1110,Enjoy,Clothing,EastAfrica Traders,107.86,193.84,2025-11-04
1111,Better,Beauty,MegaWholesale,335.31,584.98,2024-09-06
1112,Participant,Clothing,MegaWholesale,245.63,543.69,2021-04-03
1113,Read,Electronics,Prime Goods,363.78,742.55,2024-11-05
1114,Knowledge,Beauty,MegaWholesale,271.25,630.53,2024-02-13
1115,Black,Furniture,Prime Goods,367.13,756.11,2022-05-12
1116,Various,Electronics,MegaWholesale,15.41,28.92,2022-11-23
1117,Give,Beauty,MegaWholesale,59.54,116.67,2023-05-12
1118,Institution,Grocery,EastAfrica Traders,344.07,421.09,2024-01-31
1119,My,Clothing,EastAfrica Traders,424.27,813.15,2024-08-01
1120,Issue,Electronics,Prime Goods,234.81,436.48,2025-08-09
1121,Responsibility,Beauty,MegaWholesale,235.78,339.05,2023-07-29
1122,This,Beauty,MegaWholesale,28.55,53.92,2024-08-27
1123,Fire,Electronics,Global Supply Ltd,130.84,190.81,2023-02-19
1124,Yourself,Grocery,Prime Goods,350.55,615.43,2022-11-10
1125,Deal,Clothing,EastAfrica Traders,182.92,379.53,2023-12-10
1126,Program,Beauty,Global Supply Ltd,297.23,738.38,2025-02-21
1127,Heart,Beauty,Prime Goods,224.0,502.59,2022-06-25
1128,Glass,Furniture,EastAfrica Traders,89.69,139.76,2023-09-26
1129,Camera,Grocery,MegaWholesale,340.01,472.31,2023-01-15
1130,Already,Grocery,EastAfrica Traders,183.44,221.34,2024-06-28
1131,Almost,Clothing,EastAfrica Traders,423.2,528.87,2021-09-26
1132,Worry,Furniture,Prime Goods,484.17,1116.6,2025-01-06
1133,Strategy,Electronics,Prime Goods,29.99,58.17,2024-08-23
1134,Production,Electronics,MegaWholesale,444.12,573.65,2025-12-03
1135,Fill,Clothing,EastAfrica Traders,424.92,587.09,2023-03-23
1136,Into,Furniture,Prime Goods,113.22,202.62,2021-12-01
1137,Manager,Furniture,Prime Goods,141.28,321.92,2025-03-30
1138,Rock,Beauty,Prime Goods,428.31,728.65,2025-10-20
1139,Rate,Beauty,EastAfrica Traders,328.83,413.39,2022-05-03
1140,Form,Grocery,Global Supply Ltd,143.42,224.94,2021-05-08
1141,Culture,Electronics,MegaWholesale,207.92,335.42,2024-07-10
1142,Offer,Grocery,Global Supply Ltd,470.29,649.74,2024-07-03
1143,Meet,Beauty,MegaWholesale,288.97,467.95,2022-04-15
1144,Floor,Beauty,MegaWholesale,49.55,94.22,2024-07-29
1145,However,Electronics,MegaWholesale,479.22,894.64,2022-06-13
1146,Involve,Beauty,Global Supply Ltd,394.75,482.63,2021-05-01
1147,Address,Electronics,Global Supply Ltd,223.78,456.37,2022-03-12
1148,Whom,Furniture,EastAfrica Traders,227.36,451.46,2023-10-26
1149,Table,Beauty,MegaWholesale,110.54,177.25,2024-08-02
1150,Baby,Furniture,MegaWholesale,70.01,107.36,2026-01-27
1151,Will,Furniture,Global Supply Ltd,258.89,392.61,2023-08-22
1152,Newspaper,Clothing,EastAfrica Traders,271.82,610.78,2025-07-17
1153,About,Clothing,Prime Goods,215.49,445.86,2022-10-29
1154,Want,Electronics,Global Supply Ltd,69.34,137.54,2025-10-19
1155,Watch,Clothing,EastAfrica Traders,218.4,487.1,2026-01-01
1156,Really,Grocery,MegaWholesale,428.36,623.1,2022-07-11
1157,Because,Clothing,EastAfrica Traders,306.04,412.76,2021-09-10
1158,Should,Beauty,EastAfrica Traders,499.09,704.84,2022-12-11
1159,College,Electronics,MegaWholesale,329.62,670.27,2021-11-12
1160,Chair,Beauty,MegaWholesale,388.73,468.25,2024-01-31
1161,Return,Electronics,Prime Goods,208.79,341.86,2021-04-08
1162,Fight,Clothing,Global Supply Ltd,371.89,775.85,2022-08-06
1163,Fine,Beauty,EastAfrica Traders,134.63,269.95,2023-05-02
1164,Soon,Furniture,Prime Goods,74.28,156.56,2025-03-04
1165,Painting,Electronics,Prime Goods,50.93,92.64,2025-05-19
1166,Require,Grocery,EastAfrica Traders,61.45,142.07,2023-11-17
1167,White,Electronics,EastAfrica Traders,10.72,16.7,2023-08-29
1168,You,Grocery,Prime Goods,408.59,815.58,2021-03-27
1169,Total,Grocery,Global Supply Ltd,497.06,821.27,2023-12-23
1170,Organization,Clothing,Global Supply Ltd,125.2,286.89,2025-09-24
1171,Him,Grocery,EastAfrica Traders,53.17,118.77,2022-01-05
1172,Yourself,Furniture,EastAfrica Traders,172.45,255.62,2024-12-16
1173,Could,Electronics,Prime Goods,14.26,33.34,2024-06-05
1174,Ready,Electronics,Prime Goods,261.9,622.8,2024-08-22
1175,Debate,Furniture,Prime Goods,210.78,445.18,2025-01-24
1176,Stock,Grocery,MegaWholesale,223.86,271.24,2026-03-16
1177,Suffer,Electronics,EastAfrica Traders,298.6,378.09,2024-10-06
1178,Meet,Beauty,EastAfrica Traders,134.92,309.38,2025-05-30
1179,Few,Clothing,MegaWholesale,285.39,613.52,2023-04-17
1180,Go,Clothing,EastAfrica Traders,106.19,143.27,2026-01-28
1181,Skill,Grocery,EastAfrica Traders,305.52,584.72,2023-02-28
1182,Professional,Clothing,Global Supply Ltd,185.23,416.31,2024-11-24
1183,Only,Clothing,Prime Goods,170.95,283.36,2024-10-20
1184,Maybe,Grocery,EastAfrica Traders,117.4,200.82,2024-07-23
1185,Nothing,Electronics,Global Supply Ltd,232.74,391.69,2025-07-17
1186,Available,Electronics,Prime Goods,117.71,281.1,2021-07-06
1187,Give,Beauty,MegaWholesale,158.49,278.94,2025-10-14
1188,Magazine,Furniture,Prime Goods,289.29,349.56,2022-04-23
1189,Stay,Clothing,EastAfrica Traders,216.46,303.47,2022-03-29
1190,Reason,Electronics,Prime Goods,240.08,422.02,2023-06-15
1191,Teacher,Beauty,EastAfrica Traders,169.81,330.25,2024-04-13
1192,Year,Beauty,MegaWholesale,467.49,778.53,2022-08-30
1193,If,Electronics,MegaWholesale,175.64,321.88,2024-08-25
1194,Than,Electronics,MegaWholesale,64.76,148.63,2021-07-31
1195,Already,Grocery,MegaWholesale,380.87,846.14,2023-10-19
1196,Western,Clothing,EastAfrica Traders,483.8,712.1,2023-12-16
1197,Home,Furniture,Global Supply Ltd,461.44,728.56,2022-04-09
1198,Approach,Beauty,Global Supply Ltd,150.65,312.96,2023-05-19
1199,Whether,Beauty,EastAfrica Traders,387.26,957.53,2023-06-19
1200,Affect,Clothing,Global Supply Ltd,150.62,293.01,2022-10-31
